-- phpMyAdmin SQL Dump
-- version 4.2.11
-- http://www.phpmyadmin.net
--
-- Host: 127.0.0.1
-- Czas generowania: 25 Lut 2015, 14:28
-- Wersja serwera: 5.6.21
-- Wersja PHP: 5.6.3

SET SQL_MODE = "NO_AUTO_VALUE_ON_ZERO";
SET time_zone = "+00:00";


/*!40101 SET @OLD_CHARACTER_SET_CLIENT=@@CHARACTER_SET_CLIENT */;
/*!40101 SET @OLD_CHARACTER_SET_RESULTS=@@CHARACTER_SET_RESULTS */;
/*!40101 SET @OLD_COLLATION_CONNECTION=@@COLLATION_CONNECTION */;
/*!40101 SET NAMES utf8 */;

--
-- Baza danych: `db`
--
CREATE DATABASE IF NOT EXISTS `db` DEFAULT CHARACTER SET utf8 COLLATE utf8_general_ci;
USE `db`;

-- --------------------------------------------------------

--
-- Struktura tabeli dla tabeli `balance`
--

CREATE TABLE IF NOT EXISTS `balance` (
  `account` varchar(250) DEFAULT '0',
  `balance` decimal(10,2) DEFAULT '0.00',
  `equity` decimal(10,2) DEFAULT '0.00',
  `alias` varchar(250) DEFAULT '0',
  `linkmql` varchar(250) DEFAULT '0',
  `time` bigint(21) NOT NULL DEFAULT '0'
) ENGINE=InnoDB DEFAULT CHARSET=utf8;

--
-- Zrzut danych tabeli `balance`
--

INSERT INTO `balance` (`account`, `balance`, `equity`, `alias`, `linkmql`, `time`) VALUES
('83320406', '144.33', '152.01', 'woow', 'https://www.mql5.com/en/signals/87390', 1424859982),
('66740257', '9165.78', '9165.72', 'regx', 'https://www.mql5.com/en/signals/79294', 1424870362);

-- --------------------------------------------------------

--
-- Struktura tabeli dla tabeli `balanceall`
--

CREATE TABLE IF NOT EXISTS `balanceall` (
  `account` varchar(250) DEFAULT '0',
  `balance` decimal(10,2) DEFAULT '0.00',
  `equity` decimal(10,2) DEFAULT '0.00',
  `time` bigint(21) NOT NULL DEFAULT '0'
) ENGINE=InnoDB DEFAULT CHARSET=utf8;

--
-- Zrzut danych tabeli `balanceall`
--

INSERT INTO `balanceall` (`account`, `balance`, `equity`, `time`) VALUES
('83320406', '184.12', '185.42', 1424774932),
('83320406', '184.12', '185.42', 1424774937),
('83320406', '184.12', '185.14', 1424774942),
('83320406', '184.12', '186.22', 1424775227),
('83320406', '184.12', '186.37', 1424775292),
('83320406', '184.12', '186.96', 1424775357),
('83320406', '184.12', '187.06', 1424775422),
('83320406', '184.12', '186.25', 1424775487),
('83320406', '184.12', '185.78', 1424775552),
('83320406', '184.12', '185.75', 1424775617),
('83320406', '184.12', '185.48', 1424775681),
('83320406', '184.12', '185.66', 1424775748),
('83320406', '170.36', '170.17', 1424782664),
('83320406', '168.29', '168.32', 1424786277),
('83320406', '168.29', '173.99', 1424790178),
('83320406', '168.29', '162.72', 1424794226),
('83320406', '147.41', '148.19', 1424799591),
('83320406', '144.33', '145.07', 1424847427),
('83320406', '144.33', '145.81', 1424849229),
('83320406', '144.33', '152.15', 1424851030),
('83320406', '144.33', '153.75', 1424852832),
('83320406', '144.33', '155.90', 1424854636),
('83320406', '144.33', '155.42', 1424856437),
('83320406', '144.33', '151.33', 1424858243),
('66740257', '9401.91', '9401.79', 1424862776),
('66740257', '9298.69', '9298.69', 1424864579),
('66740257', '9174.09', '9170.72', 1424866380),
('66740257', '9166.62', '9166.62', 1424868519),
('66740257', '9165.78', '9165.73', 1424870320);

-- --------------------------------------------------------

--
-- Struktura tabeli dla tabeli `orders`
--

CREATE TABLE IF NOT EXISTS `orders` (
  `id` varchar(250) DEFAULT NULL,
  `symbol` varchar(250) DEFAULT '0',
  `volume` float DEFAULT '0',
  `type` varchar(250) DEFAULT '0',
  `opent` bigint(21) NOT NULL DEFAULT '0',
  `openp` float DEFAULT '0',
  `sl` float DEFAULT '0',
  `tp` float DEFAULT '0',
  `closet` bigint(21) NOT NULL DEFAULT '0',
  `closep` float DEFAULT '0',
  `profit` float DEFAULT '0',
  `time` bigint(21) NOT NULL DEFAULT '0',
  `account` varchar(250) DEFAULT '0'
) ENGINE=InnoDB DEFAULT CHARSET=utf8;

--
-- Zrzut danych tabeli `orders`
--

INSERT INTO `orders` (`id`, `symbol`, `volume`, `type`, `opent`, `openp`, `sl`, `tp`, `closet`, `closep`, `profit`, `time`, `account`) VALUES
('6887053', 'GBPJPY', 0.01, 'buy', 1424850941, 183.942, 183.955, 187, 0, 0, 7.68, 1424847681, '83320406'),
('6887018', 'GBPJPY', 0.01, 'buy', 1424850339, 183.911, 182.931, 0, 1424850600, 183.803, -3.33, 1424847681, '83320406'),
('6802212', 'GBPJPY', 0.01, 'buy', 1423507078, 180.566, 180.67, 234.567, 1423660559, 183.099, 78.79, 1424848185, '83320406'),
('6814203', 'GBPJPY', 0.01, 'sell', 1423660085, 182.968, 0, 0, 1423660296, 183.08, -3.49, 1424848185, '83320406'),
('6814768', 'GBPJPY', 0.01, 'buy', 1423660960, 183.249, 183.274, 0, 1423676643, 183.274, 0.78, 1424848185, '83320406'),
('6818724', 'GBPJPY', 0.01, 'buy', 1423676747, 183.279, 182.989, 189.779, 1423733122, 182.989, -8.96, 1424848185, '83320406'),
('6818726', 'GBPJPY', 0.01, 'sell', 1423705896, 182.953, 0, 0, 1423730480, 183.389, -13.47, 1424848185, '83320406'),
('6822351', 'GBPJPY', 0.01, 'buy', 1423733141, 182.385, 0, 189.5, 1423742466, 183.593, 37.23, 1424848185, '83320406'),
('6822445', 'GBPJPY', 0.01, 'buy', 1423733430, 181.348, 0, 0, 1423733519, 181.246, -3.18, 1424848185, '83320406'),
('6822489', 'GBPJPY', 0.01, 'buy', 1423733552, 181.411, 0, 189.5, 1423734647, 182.182, 23.94, 1424848185, '83320406'),
('6822858', 'GBPJPY', 0.01, 'buy', 1423734799, 182.106, 0, 0, 1423734817, 181.967, -4.32, 1424848185, '83320406'),
('6822863', 'GBPJPY', 0.01, 'buy', 1423734845, 182.068, 0, 0, 1423734921, 182.205, 4.26, 1424848185, '83320406'),
('6824475', 'GBPJPY', 0.01, 'buy', 1423742581, 183.736, 0, 0, 1423743745, 183.751, 0.46, 1424848185, '83320406'),
('6824635', 'GBPJPY', 0.01, 'buy', 1423743771, 183.812, 0, 0, 1423750154, 183.992, 5.55, 1424848185, '83320406'),
('6825330', 'GBPJPY', 0.01, 'buy', 1423750210, 184.047, 0, 196, 1423846780, 182.592, -45, 1424848185, '83320406'),
('6825341', 'GBPJPY', 0.01, 'sell', 1423750440, 183.91, 0, 0, 1423756337, 183.03, 27.09, 1424848185, '83320406'),
('6829947', 'GBPJPY', 0.01, 'sell', 1423789249, 182.934, 0, 0, 1423814461, 183.038, -3.2, 1424848185, '83320406'),
('6836853', 'GBPJPY', 0.01, 'buy', 1424075240, 183.018, 182.82, 0, 1424078001, 182.814, -6.29, 1424848185, '83320406'),
('6837167', 'GBPJPY', 0.01, 'buy', 1424078127, 182.823, 0, 0, 1424086292, 182.381, -13.65, 1424848185, '83320406'),
('6837237', 'GBPJPY', 0.01, 'sell', 1424085813, 182.429, 0, 0, 1424085886, 182.496, -2.07, 1424848185, '83320406'),
('6838695', 'GBPJPY', 0.01, 'buy', 1424097585, 182.181, 182.169, 0, 1424106924, 182.169, -0.37, 1424848185, '83320406'),
('6841701', 'GBPJPY', 0.01, 'buy', 1424162364, 182.058, 182.071, 0, 1424176236, 182.9, 25.96, 1424848185, '83320406'),
('6841712', 'GBPJPY', 0.01, 'buy', 1424162487, 182.106, 182.119, 0, 1424176237, 182.902, 24.54, 1424848185, '83320406'),
('6843948', 'GBPJPY', 0.01, 'buy', 1424176321, 183, 0, 0, 1424177014, 182.742, -7.96, 1424848185, '83320406'),
('6844151', 'GBPJPY', 0.01, 'buy', 1424177406, 182.875, 0, 0, 1424181955, 182.347, -16.28, 1424848185, '83320406'),
('6844754', 'GBPJPY', 0.01, 'buy', 1424182306, 182.401, 0, 0, 1424182885, 182.286, -3.55, 1424848185, '83320406'),
('6845223', 'GBPJPY', 0.01, 'buy', 1424185668, 182.426, 182.24, 0, 1424187572, 182.405, -0.65, 1424848185, '83320406'),
('6845273', 'GBPJPY', 0.01, 'buy', 1424185843, 182.437, 182.237, 0, 1424187583, 182.411, -0.8, 1424848185, '83320406'),
('6845666', 'GBPJPY', 0.01, 'buy', 1424187667, 182.462, 0, 0, 1424188370, 182.371, -2.81, 1424848185, '83320406'),
('6845881', 'GBPJPY', 0.01, 'buy', 1424188488, 182.438, 182.26, 0, 1424201201, 183.268, 25.57, 1424848185, '83320406'),
('6845890', 'GBPJPY', 0.01, 'buy', 1424188512, 182.463, 182.26, 0, 1424201202, 183.269, 24.84, 1424848185, '83320406'),
('6849269', 'GBPJPY', 0.01, 'buy', 1424245868, 183.001, 183.7, 0, 1424289603, 183.699, 21.62, 1424848185, '83320406'),
('6856683', 'GBPJPY', 0.01, 'buy', 1424334122, 183.653, 183.294, 0, 1424336388, 183.294, -11.08, 1424848185, '83320406'),
('6857003', 'EURUSD', 0.01, 'buy', 1424336748, 1.14194, 1.13974, 1.15951, 1424343583, 1.13974, -8.06, 1424848185, '83320406'),
('6858199', 'GBPJPY', 0.01, 'buy', 1424342884, 183.466, 183.481, 0, 1424344927, 183.481, 0.46, 1424848185, '83320406'),
('6858317', 'GBPAUD', 0.01, 'buy', 1424343513, 1.9909, 1.9879, 0, 1424344614, 1.9879, -8.54, 1424848185, '83320406'),
('6858601', 'GBPAUD', 0.01, 'buy', 1424349190, 1.9821, 1.9787, 0, 1424358081, 1.9786, -10, 1424848185, '83320406'),
('6858611', 'GBPJPY', 0.01, 'buy', 1424344935, 183.527, 0, 0, 1424344937, 183.487, -1.24, 1424848185, '83320406'),
('6858619', 'GBPJPY', 0.01, 'buy', 1424344964, 183.564, 183.484, 0, 1424361467, 183.484, -2.46, 1424848185, '83320406'),
('6860131', 'EURUSD', 0.01, 'buy', 1424354270, 1.13816, 1.13705, 0, 1424361418, 1.13705, -4.06, 1424848185, '83320406'),
('6860145', 'EURAUD', 0.01, 'buy', 1424354365, 1.4622, 1.4595, 0, 1424358160, 1.4595, -7.71, 1424848185, '83320406'),
('6861607', 'GBPJPY', 0.01, 'buy', 1424364885, 183.665, 0, 0, 1424381574, 183.326, -10.44, 1424848185, '83320406'),
('6861994', 'GBPJPY', 0.01, 'sell', 1424370694, 183.355, 0, 0, 1424372060, 183.438, -2.56, 1424848185, '83320406'),
('6864362', 'EURUSD', 0.01, 'buy', 1424421519, 1.13499, 1.13486, 0, 1424423069, 1.13486, -0.48, 1424848185, '83320406'),
('6864370', 'GBPJPY', 0.01, 'buy', 1424421638, 183.419, 183.395, 0, 1424422332, 183.393, -0.81, 1424848185, '83320406'),
('6864934', 'EURUSD', 0.01, 'buy', 1424425134, 1.13386, 1.13299, 0, 1424425923, 1.13299, -3.2, 1424848185, '83320406'),
('6865237', 'GBPJPY', 0.01, 'buy', 1424426979, 182.368, 182.199, 0, 1424428203, 182.195, -5.38, 1424848185, '83320406'),
('6865279', 'EURUSD', 0.01, 'buy', 1424427139, 1.13104, 1.13128, 0, 1424433707, 1.13319, 7.93, 1424848185, '83320406'),
('6865563', 'GBPJPY', 0.01, 'buy', 1424428823, 182.332, 182.378, 0, 1424433684, 182.378, 1.43, 1424848185, '83320406'),
('6866127', 'GBPAUD', 0.01, 'buy', 1424433060, 1.9626, 1.9597, 1.988, 1424433688, 1.9613, -3.75, 1424848185, '83320406'),
('6866275', 'EURUSD', 0.01, 'buy', 1424433955, 1.13356, 1.13193, 0, 1424435462, 1.13193, -6.02, 1424848185, '83320406'),
('6866429', 'GBPJPY', 0.01, 'buy', 1424435244, 182.36, 182.384, 0, 1424438435, 182.47, 3.42, 1424848185, '83320406'),
('6866476', 'EURUSD', 0.01, 'buy', 1424435551, 1.13185, 1.13013, 0, 1424437676, 1.13012, -6.39, 1424848185, '83320406'),
('6866806', 'EURUSD', 0.01, 'buy', 1424437687, 1.13038, 1.12964, 0, 1424438395, 1.13092, 2, 1424848185, '83320406'),
('6867021', 'EURUSD', 0.01, 'buy', 1424438468, 1.13097, 1.12945, 0, 1424441751, 1.12944, -5.67, 1424848185, '83320406'),
('6867626', 'EURUSD', 0.01, 'buy', 1424441856, 1.12903, 1.1291, 0, 1424447454, 1.1291, 0.26, 1424848185, '83320406'),
('6868726', 'EURUSD', 0.01, 'buy', 1424447558, 1.12969, 1.12857, 0, 1424448058, 1.12857, -4.15, 1424848185, '83320406'),
('6868806', 'EURUSD', 0.01, 'buy', 1424448066, 1.12874, 1.13587, 0, 1424455339, 1.13586, 26.15, 1424848185, '83320406'),
('6872808', 'GBPJPY', 0.01, 'buy', 1424674945, 183.105, 183.116, 0, 1424690831, 183.114, 0.28, 1424848185, '83320406'),
('6874710', 'GBPJPY', 0.01, 'buy', 1424690906, 183.085, 184.188, 0, 1424769660, 184.186, 34.04, 1424848185, '83320406'),
('6874711', 'GBPJPY', 0.01, 'sell', 1424691696, 182.728, 0, 0, 1424692105, 182.708, 0.62, 1424848185, '83320406'),
('6880416', 'GBPJPY', 0.01, 'buy', 1424772614, 184.439, 184.453, 191, 1424774002, 184.452, 0.4, 1424848185, '83320406'),
('6880704', 'GBPJPY', 0.01, 'buy', 1424774539, 184.567, 184.576, 219, 1424779791, 184.574, 0.22, 1424848185, '83320406'),
('6881393', 'GBPJPY', 0.01, 'buy', 1424781070, 184.528, 184.536, 0, 1424782927, 184.536, 0.24, 1424848185, '83320406'),
('6881668', 'GBPJPY', 0.01, 'buy', 1424783397, 184.613, 184.47, 0, 1424783882, 184.47, -4.4, 1424848185, '83320406'),
('6881844', 'GBPJPY', 0.01, 'buy', 1424785235, 184.543, 184.384, 0, 1424785603, 184.384, -4.9, 1424848185, '83320406'),
('6881894', 'GBPJPY', 0.01, 'buy', 1424785707, 184.437, 0, 0, 1424785728, 184.363, -2.28, 1424848186, '83320406'),
('6881904', 'GBPJPY', 0.01, 'buy', 1424785839, 184.44, 0, 0, 1424785893, 184.354, -2.64, 1424848186, '83320406'),
('6881912', 'GBPJPY', 0.01, 'buy', 1424786014, 184.417, 0, 0, 1424786406, 184.35, -2.07, 1424848186, '83320406'),
('6882121', 'GBPJPY', 0.01, 'buy', 1424788371, 184.415, 183.791, 184.847, 1424801767, 183.791, -19.27, 1424848186, '83320406'),
('6882125', 'GBPJPY', 0.01, 'sell', 1424799905, 183.895, 0, 0, 1424800895, 183.947, -1.61, 1424848186, '83320406'),
('6885164', 'GBPJPY', 0.01, 'buy', 1424802869, 183.755, 183.763, 189.151, 1424815126, 183.763, 0.25, 1424848186, '83320406'),
('845837509', 'GBPJPY', 1, 'buy', 1424678596, 183.12, 182, 0, 1424685010, 183.39, 22.65, 1424862350, '66740257'),
('845837514', 'GBPJPY', 1, 'buy', 1424678597, 183.12, 182, 0, 1424685009, 183.4, 23.48, 1424862350, '66740257'),
('845837516', 'GBPJPY', 1, 'buy', 1424678599, 183.12, 182, 0, 1424685008, 183.4, 23.48, 1424862350, '66740257'),
('845837520', 'GBPJPY', 1, 'buy', 1424678600, 183.11, 182, 0, 1424685007, 183.4, 24.32, 1424862350, '66740257'),
('845837524', 'GBPJPY', 1, 'buy', 1424678602, 183.11, 182, 0, 1424685007, 183.4, 24.32, 1424862350, '66740257'),
('845845191', 'GBPJPY', 1, 'buy', 1424685012, 183.47, 0, 0, 1424685220, 183.35, -10.07, 1424862350, '66740257'),
('845845195', 'GBPJPY', 1, 'buy', 1424685013, 183.47, 0, 0, 1424685221, 183.35, -10.07, 1424862350, '66740257'),
('845845199', 'GBPJPY', 1, 'buy', 1424685014, 183.47, 0, 0, 1424685222, 183.35, -10.07, 1424862350, '66740257'),
('845845204', 'GBPJPY', 1, 'buy', 1424685015, 183.47, 0, 0, 1424685223, 183.35, -10.07, 1424862350, '66740257'),
('845845206', 'GBPJPY', 1, 'buy', 1424685016, 183.47, 0, 0, 1424685224, 183.35, -10.07, 1424862350, '66740257'),
('845845447', 'GBPAUD', 1, 'buy', 1424685226, 1.9703, 0, 0, 1424723924, 1.9797, 73.41, 1424862350, '66740257'),
('845845448', 'GBPAUD', 1, 'buy', 1424685227, 1.9703, 0, 0, 1424723927, 1.9796, 72.61, 1424862350, '66740257'),
('845845450', 'GBPAUD', 1, 'buy', 1424685228, 1.9703, 0, 0, 1424723928, 1.9797, 73.38, 1424862350, '66740257'),
('845845452', 'GBPAUD', 1, 'buy', 1424685230, 1.9703, 0, 0, 1424723929, 1.9799, 74.94, 1424862350, '66740257'),
('845845455', 'GBPAUD', 1, 'buy', 1424685231, 1.9703, 0, 0, 1424723931, 1.9799, 74.95, 1424862350, '66740257'),
('845897572', 'GBPUSD', 1, 'buy', 1424723972, 1.5468, 0, 0, 1424772748, 1.5448, -20, 1424862350, '66740257'),
('845897574', 'GBPUSD', 1, 'buy', 1424723977, 1.5467, 0, 0, 1424772750, 1.5448, -19, 1424862351, '66740257'),
('845897578', 'GBPUSD', 1, 'buy', 1424723981, 1.5467, 0, 0, 1424772667, 1.5449, -18, 1424862351, '66740257'),
('845897585', 'GBPUSD', 1, 'buy', 1424723986, 1.5467, 0, 0, 1424772665, 1.5449, -18, 1424862351, '66740257'),
('845897593', 'GBPUSD', 1, 'buy', 1424723999, 1.5468, 0, 0, 1424772662, 1.5449, -19, 1424862351, '66740257'),
('845916275', 'GBPAUD', 1, 'buy', 1424772730, 1.9905, 0, 0, 1424869315, 1.9667, -187.47, 1424862351, '66740257'),
('845916279', 'GBPAUD', 1, 'buy', 1424772735, 1.9906, 0, 0, 1424869316, 1.9667, -188.26, 1424862351, '66740257'),
('845916285', 'GBPAUD', 1, 'buy', 1424772744, 1.9905, 0, 0, 1424869316, 1.9667, -187.47, 1424862351, '66740257'),
('845916306', 'GBPAUD', 1, 'buy', 1424772760, 1.9907, 0, 0, 1424869317, 1.9667, -189.04, 1424862351, '66740257'),
('845916316', 'GBPAUD', 1, 'buy', 1424772766, 1.9907, 0, 0, 1424869319, 1.9667, -189.04, 1424862351, '66740257'),
('845989108', 'GBPAUD', 0.01, 'buy', 1424869751, 1.9681, 0, 0, 1424870032, 1.9665, -0.13, 1424862541, '66740257'),
('845989274', 'GBPAUD', 0.01, 'buy', 1424870019, 1.9677, 0, 0, 1424870031, 1.9665, -0.09, 1424862812, '66740257'),
('845989290', 'GBPAUD', 0.01, 'buy', 1424870052, 1.9679, 0, 0, 1424870163, 1.9665, -0.11, 1424862841, '66740257'),
('845989603', 'GBPJPY', 1, 'buy', 1424870532, 184.12, 0, 0, 1424870539, 184.05, -5.89, 1424863322, '66740257'),
('845989618', 'EURUSD', 0.01, 'buy', 1424870556, 1.1347, 0, 0, 1424870577, 1.1345, -0.02, 1424863347, '66740257'),
('845989622', 'EURUSD', 0.01, 'buy', 1424870567, 1.1349, 0, 0, 1424870576, 1.1345, -0.04, 1424863357, '66740257'),
('845989624', 'EURUSD', 0.01, 'buy', 1424870572, 1.135, 0, 0, 1424870575, 1.1345, -0.05, 1424863369, '66740257'),
('845989629', 'EURUSD', 1, 'buy', 1424870585, 1.1349, 0, 0, 1424870602, 1.1348, -1, 1424863377, '66740257'),
('845989635', 'GBPJPY', 1, 'buy', 1424870591, 184.15, 0, 0, 1424870631, 184.1, -4.21, 1424863382, '66740257'),
('845989652', 'EURUSD', 1, 'buy', 1424870616, 1.1351, 0, 0, 1424870618, 1.1348, -3, 1424863408, '66740257'),
('845989658', 'GBPNZD', 1, 'buy', 1424870629, 2.0527, 0, 0, 1424870704, 2.0511, -12.08, 1424863417, '66740257'),
('845989726', 'GBPNZD', 1, 'buy', 1424870742, 2.0528, 0, 0, 1424870748, 2.0518, -7.55, 1424863532, '66740257'),
('845989730', 'GBPNZD', 1, 'buy', 1424870753, 2.053, 0, 0, 1424870766, 2.052, -7.55, 1424863544, '66740257'),
('845989731', 'EURUSD', 1, 'buy', 1424870760, 1.1351, 0, 0, 1424870809, 1.1348, -3, 1424863552, '66740257'),
('845989757', 'USDJPY', 1, 'buy', 1424870818, 118.83, 0, 0, 1424870825, 118.8, -2.53, 1424863607, '66740257'),
('845989762', 'EURNZD', 1, 'buy', 1424870826, 1.5032, 0, 0, 1424870852, 1.5022, -7.55, 1424863617, '66740257'),
('845989911', 'GBPJPY', 0.01, 'buy', 1424871114, 184.23, 0, 0, 1424871127, 184.16, -0.06, 1424863903, '66740257'),
('845989944', 'GBPAUD', 0.01, 'buy', 1424871167, 1.9683, 0, 0, 1424871215, 1.967, -0.1, 1424863958, '66740257'),
('845989955', 'GBPAUD', 1, 'buy', 1424871199, 1.9683, 0, 0, 1424871226, 1.9671, -9.45, 1424863989, '66740257'),
('845989963', 'GBPAUD', 1, 'buy', 1424871217, 1.9683, 0, 0, 1424871225, 1.9671, -9.45, 1424864008, '66740257'),
('845989954', 'GBPAUD', 1, 'buy', 1424871198, 1.9683, 0, 0, 1424871226, 1.9671, -9.45, 1424864019, '66740257'),
('845989950', 'GBPAUD', 1, 'buy', 1424871197, 1.9683, 0, 0, 1424871227, 1.9671, -9.45, 1424864019, '66740257'),
('845989947', 'GBPAUD', 1, 'buy', 1424871196, 1.9684, 0, 0, 1424871227, 1.9671, -10.24, 1424864019, '66740257'),
('845990063', 'GBPAUD', 0.01, 'buy', 1424871387, 1.969, 0, 0, 1424871403, 1.9679, -0.09, 1424864178, '66740257'),
('845990071', 'GBPAUD', 0.01, 'sell', 1424871405, 1.9679, 0, 0, 1424871420, 1.9691, -0.1, 1424864194, '66740257'),
('845990072', 'EURUSD', 0.01, 'sell', 1424871415, 1.1344, 0, 0, 1424871448, 1.1347, -0.03, 1424864208, '66740257'),
('845990506', 'EURUSD', 0.01, 'buy', 1424872019, 1.1346, 0, 0, 1424872026, 1.1343, -0.03, 1424864809, '66740257'),
('845990519', 'GBPJPY', 0.01, 'buy', 1424872045, 184.26, 155, 300, 1424872087, 184.18, -0.07, 1424864834, '66740257'),
('845990540', 'GBPJPY', 0.01, 'sell', 1424872088, 184.18, 200, 125, 1424872149, 184.24, -0.06, 1424864879, '66740257'),
('845990566', 'GBPAUD', 0.01, 'buy', 1424872155, 1.9685, 1, 2, 1424872225, 1.9677, -0.06, 1424864944, '66740257'),
('845990592', 'GBPJPY', 0.01, 'buy', 1424872227, 184.26, 0, 0, 1424872356, 184.18, -0.07, 1424865020, '66740257'),
('845990659', 'GBPJPY', 0.01, 'buy', 1424872360, 184.25, 0, 0, 1424872365, 184.19, -0.05, 1424865149, '66740257'),
('845990672', 'GBPJPY', 0.01, 'sell', 1424872368, 184.2, 0, 0, 1424872388, 184.26, -0.05, 1424865157, '66740257'),
('845990689', 'GBPJPY', 0.01, 'buy', 1424872389, 184.26, 0, 0, 1424872401, 184.18, -0.07, 1424865178, '66740257'),
('845990697', 'EURNZD', 0.01, 'sell', 1424872407, 1.5025, 0, 0, 1424872425, 1.5037, -0.09, 1424865196, '66740257'),
('845990709', 'EURUSD', 0.01, 'buy', 1424872427, 1.1348, 0, 0, 1424872443, 1.1345, -0.03, 1424865216, '66740257'),
('845990723', 'EURUSD', 0.01, 'sell', 1424872446, 1.1345, 0, 0, 1424872451, 1.1348, -0.03, 1424865235, '66740257'),
('845990728', 'EURUSD', 0.01, 'buy', 1424872454, 1.1348, 0, 0, 1424872499, 1.1345, -0.03, 1424865243, '66740257'),
('845990758', 'GBPJPY', 1, 'buy', 1424872508, 184.29, 0, 0, 1424872782, 184.09, -16.83, 1424865297, '66740257'),
('845990760', 'GBPJPY', 1, 'buy', 1424872509, 184.29, 0, 0, 1424872783, 184.09, -16.83, 1424865298, '66740257'),
('845990761', 'GBPJPY', 1, 'buy', 1424872511, 184.29, 0, 0, 1424872784, 184.09, -16.83, 1424865299, '66740257'),
('845990763', 'GBPJPY', 1, 'buy', 1424872513, 184.29, 0, 0, 1424872785, 184.09, -16.83, 1424865302, '66740257'),
('845990762', 'GBPJPY', 1, 'buy', 1424872512, 184.29, 0, 0, 1424872784, 184.09, -16.83, 1424865573, '66740257'),
('845991023', 'GBPJPY', 1, 'buy', 1424872904, 184.12, 0, 0, 1424872934, 184.02, -8.41, 1424865693, '66740257'),
('845991168', 'GBPJPY', 1, 'buy', 1424873003, 184.07, 0, 0, 1424873037, 183.99, -6.74, 1424865792, '66740257'),
('845991212', 'EURUSD', 0.01, 'buy', 1424873039, 1.1349, 0, 0, 1424873047, 1.1346, -0.03, 1424865829, '66740257'),
('845991232', 'GBPAUD', 0.01, 'buy', 1424873051, 1.9669, 0, 0, 1424873061, 1.9658, -0.08, 1424865840, '66740257'),
('845991258', 'GBPJPY', 1, 'buy', 1424873064, 184.06, 0, 0, 1424873131, 184.02, -3.36, 1424865853, '66740257'),
('845991320', 'GBPJPY', 1, 'sell', 1424873132, 184.02, 0, 0, 1424873169, 184.07, -4.21, 1424865921, '66740257'),
('845991365', 'GBPJPY', 1, 'buy', 1424873169, 184.07, 0, 0, 1424873227, 184.01, -5.05, 1424865959, '66740257'),
('845991413', 'GBPJPY', 1, 'sell', 1424873229, 184.01, 0, 0, 1424873376, 184.08, -5.89, 1424866018, '66740257'),
('845991507', 'GBPJPY', 1, 'buy', 1424873383, 184.09, 0, 0, 1424873394, 184.02, -5.89, 1424866172, '66740257'),
('845991515', 'GBPAUD', 0.01, 'buy', 1424873396, 1.9678, 0, 0, 1424873420, 1.9662, -0.12, 1424866185, '66740257'),
('845991561', 'EURUSD', 0.01, 'sell', 1424873433, 1.1343, 0, 0, 1424873440, 1.1346, -0.03, 1424866223, '66740257'),
('845991566', 'GBPJPY', 1, 'buy', 1424873442, 184.12, 0, 0, 1424873610, 184.1, -1.68, 1424866231, '66740257'),
('845991781', 'GBPAUD', 0.01, 'buy', 1424873614, 1.9669, 0, 0, 1424873659, 1.9649, -0.16, 1424866403, '66740257'),
('845991827', 'GBPAUD', 0.01, 'sell', 1424873660, 1.9649, 0, 0, 1424873835, 1.9658, -0.07, 1424866449, '66740257'),
('845991987', 'GBPAUD', 0.01, 'buy', 1424873836, 1.9658, 0, 0, 1424873921, 1.9644, -0.11, 1424866625, '66740257'),
('845992071', 'EURUSD', 0.01, 'buy', 1424873924, 1.1357, 0, 0, 1424873955, 1.1357, 0, 1424866714, '66740257'),
('845992128', 'EURUSD', 0.01, 'buy', 1424873958, 1.136, 0, 0, 1424873983, 1.1356, -0.04, 1424866746, '66740257'),
('845992158', 'GBPAUD', 0.01, 'buy', 1424873977, 1.9659, 0, 0, 1424873994, 1.9643, -0.13, 1424866766, '66740257'),
('845992168', 'EURUSD', 0.01, 'buy', 1424873996, 1.1359, 0, 0, 1424874006, 1.1355, -0.04, 1424866785, '66740257'),
('845992184', 'EURUSD', 0.01, 'sell', 1424874003, 1.1355, 0, 0, 1424874053, 1.1358, -0.03, 1424866792, '66740257'),
('845992268', 'GBPJPY', 1, 'buy', 1424874056, 184.14, 0, 0, 1424874064, 184.08, -5.05, 1424866844, '66740257'),
('845992285', 'EURUSD', 0.01, 'sell', 1424874069, 1.1355, 0, 0, 1424874815, 1.1357, -0.02, 1424866857, '66740257'),
('845992872', 'EURUSD', 0.01, 'sell', 1424874818, 1.1354, 0, 0, 1424874827, 1.1357, -0.03, 1424867607, '66740257'),
('845992875', 'EURUSD', 0.01, 'buy', 1424874829, 1.1357, 0, 0, 1424874849, 1.1355, -0.02, 1424867618, '66740257'),
('845992909', 'EURUSD', 0.01, 'buy', 1424874885, 1.1354, 0, 0, 1424874891, 1.1352, -0.02, 1424867674, '66740257'),
('845992919', 'GBPNZD', 0.01, 'buy', 1424874900, 2.0521, 0, 0, 1424874939, 2.0514, -0.05, 1424867689, '66740257'),
('845993008', 'EURUSD', 0.01, 'buy', 1424874943, 1.1355, 0, 0, 1424874959, 1.1353, -0.02, 1424867732, '66740257'),
('845993770', 'EURUSD', 0.01, 'buy', 1424875731, 1.1349, 0, 0, 1424875741, 1.1346, -0.03, 1424868520, '66740257'),
('845993792', 'EURUSD', 0.01, 'sell', 1424875779, 1.1343, 0, 0, 1424875795, 1.1345, -0.02, 1424868567, '66740257'),
('845993828', 'EURUSD', 0.01, 'buy', 1424875804, 1.1345, 0, 0, 1424875811, 1.1342, -0.03, 1424868592, '66740257'),
('845993835', 'GBPAUD', 0.01, 'buy', 1424875814, 1.9655, 0, 0, 1424876029, 1.9628, -0.21, 1424868603, '66740257'),
('845994026', 'GBPAUD', 0.01, 'buy', 1424876031, 1.9641, 0, 0, 1424876143, 1.9627, -0.11, 1424868820, '66740257'),
('845994251', 'GBPAUD', 0.01, 'sell', 1424876144, 1.9627, 0, 0, 1424876352, 1.9635, -0.06, 1424868935, '66740257'),
('845994432', 'EURUSD', 0.01, 'buy', 1424876357, 1.1345, 0, 0, 1424876364, 1.1342, -0.03, 1424869146, '66740257'),
('845994434', 'EURUSD', 0.01, 'sell', 1424876365, 1.1342, 0, 0, 1424876370, 1.1345, -0.03, 1424869154, '66740257'),
('845994437', 'GBPJPY', 0.01, 'buy', 1424876372, 184, 0, 0, 1424876376, 183.94, -0.05, 1424869161, '66740257'),
('845994439', 'GBPJPY', 0.01, 'sell', 1424876378, 183.94, 0, 0, 1424877225, 184.13, -0.16, 1424869167, '66740257'),
('845994829', 'GBPJPY', 0.01, 'buy', 1424876637, 184.03, 0, 0, 1424877225, 184.06, 0.03, 1424870006, '66740257'),
('845995276', 'EURUSD', 0.01, 'buy', 1424877220, 1.135, 0, 0, 1424877280, 1.1345, -0.05, 1424870009, '66740257'),
('845995314', 'GBPAUD', 0.01, 'sell', 1424877275, 1.9628, 0, 0, 1424877294, 1.9638, -0.07, 1424870064, '66740257'),
('845995328', 'EURUSD', 0.01, 'sell', 1424877291, 1.1345, 1.2, 1, 1424877387, 1.1347, -0.02, 1424870081, '66740257'),
('845995502', 'GBPJPY', 0.01, 'buy', 1424877507, 184.2, 0, 0, 0, 0, -0.06, 1424870296, '66740257');

-- --------------------------------------------------------

--
-- Struktura tabeli dla tabeli `users`
--

CREATE TABLE IF NOT EXISTS `users` (
`id` bigint(21) NOT NULL,
  `alias` varchar(250) NOT NULL,
  `pass` varchar(250) NOT NULL,
  `email` varchar(250) NOT NULL,
  `country` varchar(2) DEFAULT NULL,
  `account` varchar(250) DEFAULT '',
  `linkmql` varchar(250) DEFAULT '',
  `mobile` text,
  `allowfrom` text,
  `about` text,
  `ip` text,
  `time` bigint(21) DEFAULT NULL
) ENGINE=InnoDB AUTO_INCREMENT=4 DEFAULT CHARSET=utf8;

--
-- Zrzut danych tabeli `users`
--

INSERT INTO `users` (`id`, `alias`, `pass`, `email`, `country`, `account`, `linkmql`, `mobile`, `allowfrom`, `about`, `ip`, `time`) VALUES
(1, 'woow', '1a1dc91c907325c69271ddf0c944bc72', 'hello@breakermind.com', 'PL', '83320406', 'https://www.mql5.com/en/signals/87390', '0', '0', 'Hello,\r\n\r\nInitial Deposit: 100USD,\r\nPosition Lot(Volume) 0.01(1000)\r\n\r\nStrategy: \r\n100Pips Levels + Regression2000\r\n\r\nTarget:\r\n100% per month\r\n \r\nBye.', '0', 0),
(2, 'regx', '1a1dc91c907325c69271ddf0c944bc72', 'mh@breakermind.com', 'PL', '66740257', 'https://www.mql5.com/en/signals/79294', '0', '0', '0', '0', 0),
(3, 'copx', '1a1dc91c907325c69271ddf0c944bc72', 'm10000000000000@breakermind.com', 'PL', '21035993', 'https://www.mql5.com/en/signals/79296', '0', '0', '0', '0', 0);

--
-- Indeksy dla zrzutów tabel
--

--
-- Indexes for table `balance`
--
ALTER TABLE `balance`
 ADD UNIQUE KEY `account` (`account`);

--
-- Indexes for table `orders`
--
ALTER TABLE `orders`
 ADD UNIQUE KEY `id` (`id`);

--
-- Indexes for table `users`
--
ALTER TABLE `users`
 ADD PRIMARY KEY (`id`), ADD UNIQUE KEY `alias` (`alias`), ADD UNIQUE KEY `email` (`email`), ADD UNIQUE KEY `linkmql` (`linkmql`), ADD UNIQUE KEY `account` (`account`);

--
-- AUTO_INCREMENT for dumped tables
--

--
-- AUTO_INCREMENT dla tabeli `users`
--
ALTER TABLE `users`
MODIFY `id` bigint(21) NOT NULL AUTO_INCREMENT,AUTO_INCREMENT=4;
/*!40101 SET CHARACTER_SET_CLIENT=@OLD_CHARACTER_SET_CLIENT */;
/*!40101 SET CHARACTER_SET_RESULTS=@OLD_CHARACTER_SET_RESULTS */;
/*!40101 SET COLLATION_CONNECTION=@OLD_COLLATION_CONNECTION */;
